[
    {"model": "orders.order", "pk": 1, "fields": {"user": 2, "status": "Pendiente", "total_price": 12000, "created_at": "2024-11-16T10:00:00Z", "updated_at": "2024-11-16T10:10:00Z", "vehicle": null}},
    {"model": "orders.orderitem", "pk": 1, "fields": {"order": 1, "product": 1, "quantity": 5, "price": 4000}},
    {"model": "orders.orderitem", "pk": 2, "fields": {"order": 1, "product": 6, "quantity": 4, "price": 8000}},

    {"model": "orders.order", "pk": 2, "fields": {"user": 3, "status": "Enviado", "total_price": 22000, "created_at": "2024-11-15T11:00:00Z", "updated_at": "2024-11-15T11:30:00Z", "vehicle": 2}},
    {"model": "orders.orderitem", "pk": 3, "fields": {"order": 2, "product": 2, "quantity": 6, "price": 10000}},
    {"model": "orders.orderitem", "pk": 4, "fields": {"order": 2, "product": 15, "quantity": 3, "price": 12000}},

    {"model": "orders.order", "pk": 3, "fields": {"user": 4, "status": "Entregado", "total_price": 18000, "created_at": "2024-11-14T09:00:00Z", "updated_at": "2024-11-14T09:20:00Z", "vehicle": 3}},
    {"model": "orders.orderitem", "pk": 5, "fields": {"order": 3, "product": 3, "quantity": 8, "price": 16000}},
    {"model": "orders.orderitem", "pk": 6, "fields": {"order": 3, "product": 16, "quantity": 1, "price": 2000}},

    {"model": "orders.order", "pk": 4, "fields": {"user": 5, "status": "Cancelado", "total_price": 9000, "created_at": "2024-11-13T08:00:00Z", "updated_at": "2024-11-13T08:15:00Z", "vehicle": null}},
    {"model": "orders.orderitem", "pk": 7, "fields": {"order": 4, "product": 5, "quantity": 3, "price": 5000}},
    {"model": "orders.orderitem", "pk": 8, "fields": {"order": 4, "product": 8, "quantity": 2, "price": 4000}},

    {"model": "orders.order", "pk": 5, "fields": {"user": 6, "status": "Pendiente", "total_price": 16000, "created_at": "2024-11-12T10:00:00Z", "updated_at": "2024-11-12T10:15:00Z", "vehicle": null}},
    {"model": "orders.orderitem", "pk": 9, "fields": {"order": 5, "product": 9, "quantity": 5, "price": 10000}},
    {"model": "orders.orderitem", "pk": 10, "fields": {"order": 5, "product": 12, "quantity": 3, "price": 6000}},

    {"model": "orders.order", "pk": 6, "fields": {"user": 7, "status": "Enviado", "total_price": 25000, "created_at": "2024-11-11T12:00:00Z", "updated_at": "2024-11-11T12:30:00Z", "vehicle": 2}},
    {"model": "orders.orderitem", "pk": 11, "fields": {"order": 6, "product": 20, "quantity": 4, "price": 22000}},
    {"model": "orders.orderitem", "pk": 12, "fields": {"order": 6, "product": 14, "quantity": 2, "price": 3000}},

    {"model": "orders.order", "pk": 7, "fields": {"user": 8, "status": "Entregado", "total_price": 28000, "created_at": "2024-11-10T15:00:00Z", "updated_at": "2024-11-10T15:30:00Z", "vehicle": 3}},
    {"model": "orders.orderitem", "pk": 13, "fields": {"order": 7, "product": 16, "quantity": 6, "price": 18000}},
    {"model": "orders.orderitem", "pk": 14, "fields": {"order": 7, "product": 7, "quantity": 5, "price": 10000}},

    {"model": "orders.order", "pk": 8, "fields": {"user": 9, "status": "Pendiente", "total_price": 8500, "created_at": "2024-11-09T16:00:00Z", "updated_at": "2024-11-09T16:15:00Z", "vehicle": null}},
    {"model": "orders.orderitem", "pk": 15, "fields": {"order": 8, "product": 6, "quantity": 2, "price": 4000}},
    {"model": "orders.orderitem", "pk": 16, "fields": {"order": 8, "product": 10, "quantity": 2, "price": 4500}},

    {"model": "orders.order", "pk": 9, "fields": {"user": 10, "status": "Enviado", "total_price": 15000, "created_at": "2024-11-08T17:00:00Z", "updated_at": "2024-11-08T17:15:00Z", "vehicle": 1}},
    {"model": "orders.orderitem", "pk": 17, "fields": {"order": 9, "product": 13, "quantity": 5, "price": 10000}},
    {"model": "orders.orderitem", "pk": 18, "fields": {"order": 9, "product": 15, "quantity": 2, "price": 5000}},

    {"model": "orders.order", "pk": 10, "fields": {"user": 11, "status": "Entregado", "total_price": 26000, "created_at": "2024-11-07T18:00:00Z", "updated_at": "2024-11-07T18:30:00Z", "vehicle": 3}},
    {"model": "orders.orderitem", "pk": 19, "fields": {"order": 10, "product": 1, "quantity": 10, "price": 8000}},
    {"model": "orders.orderitem", "pk": 20, "fields": {"order": 10, "product": 18, "quantity": 6, "price": 18000}},

    {"model": "orders.order", "pk": 11, "fields": {"user": 12, "status": "Cancelado", "total_price": 12000, "created_at": "2024-11-06T09:00:00Z", "updated_at": "2024-11-06T09:15:00Z", "vehicle": null}},
    {"model": "orders.orderitem", "pk": 21, "fields": {"order": 11, "product": 9, "quantity": 4, "price": 8000}},
    {"model": "orders.orderitem", "pk": 22, "fields": {"order": 11, "product": 12, "quantity": 2, "price": 4000}},
    
    {"model": "orders.order", "pk": 12, "fields": {"user": 3, "status": "Pendiente", "total_price": 15000, "created_at": "2024-11-06T10:00:00Z", "updated_at": "2024-11-06T10:20:00Z", "vehicle": null}},
    {"model": "orders.orderitem", "pk": 23, "fields": {"order": 12, "product": 1, "quantity": 3, "price": 2400}},
    {"model": "orders.orderitem", "pk": 24, "fields": {"order": 12, "product": 3, "quantity": 4, "price": 6000}},
    {"model": "orders.orderitem", "pk": 25, "fields": {"order": 12, "product": 7, "quantity": 2, "price": 4000}},
    {"model": "orders.orderitem", "pk": 26, "fields": {"order": 12, "product": 15, "quantity": 1, "price": 900}},

    {"model": "orders.order", "pk": 13, "fields": {"user": 4, "status": "Enviado", "total_price": 20000, "created_at": "2024-11-05T11:00:00Z", "updated_at": "2024-11-05T11:30:00Z", "vehicle": 2}},
    {"model": "orders.orderitem", "pk": 27, "fields": {"order": 13, "product": 2, "quantity": 3, "price": 2700}},
    {"model": "orders.orderitem", "pk": 28, "fields": {"order": 13, "product": 9, "quantity": 5, "price": 10000}},
    {"model": "orders.orderitem", "pk": 29, "fields": {"order": 13, "product": 16, "quantity": 4, "price": 7000}},

    {"model": "orders.order", "pk": 14, "fields": {"user": 5, "status": "Entregado", "total_price": 12000, "created_at": "2024-11-04T14:00:00Z", "updated_at": "2024-11-04T14:20:00Z", "vehicle": 3}},
    {"model": "orders.orderitem", "pk": 30, "fields": {"order": 14, "product": 6, "quantity": 2, "price": 1400}},
    {"model": "orders.orderitem", "pk": 31, "fields": {"order": 14, "product": 10, "quantity": 3, "price": 9000}},
    {"model": "orders.orderitem", "pk": 32, "fields": {"order": 14, "product": 15, "quantity": 2, "price": 1600}},

    {"model": "orders.order", "pk": 15, "fields": {"user": 6, "status": "Pendiente", "total_price": 17500, "created_at": "2024-11-03T16:00:00Z", "updated_at": "2024-11-03T16:30:00Z", "vehicle": null}},
    {"model": "orders.orderitem", "pk": 33, "fields": {"order": 15, "product": 11, "quantity": 3, "price": 12000}},
    {"model": "orders.orderitem", "pk": 34, "fields": {"order": 15, "product": 18, "quantity": 2, "price": 5500}},

    {"model": "orders.order", "pk": 16, "fields": {"user": 7, "status": "Enviado", "total_price": 21000, "created_at": "2024-11-02T18:00:00Z", "updated_at": "2024-11-02T18:30:00Z", "vehicle": 2}},
    {"model": "orders.orderitem", "pk": 35, "fields": {"order": 16, "product": 1, "quantity": 5, "price": 4000}},
    {"model": "orders.orderitem", "pk": 36, "fields": {"order": 16, "product": 5, "quantity": 3, "price": 3600}},
    {"model": "orders.orderitem", "pk": 37, "fields": {"order": 16, "product": 13, "quantity": 6, "price": 13200}},

    {"model": "orders.order", "pk": 17, "fields": {"user": 8, "status": "Entregado", "total_price": 9500, "created_at": "2024-11-01T09:00:00Z", "updated_at": "2024-11-01T09:20:00Z", "vehicle": 3}},
    {"model": "orders.orderitem", "pk": 38, "fields": {"order": 17, "product": 9, "quantity": 3, "price": 4500}},
    {"model": "orders.orderitem", "pk": 39, "fields": {"order": 17, "product": 12, "quantity": 2, "price": 5000}},

    {"model": "orders.order", "pk": 18, "fields": {"user": 9, "status": "Pendiente", "total_price": 30000, "created_at": "2024-10-31T10:00:00Z", "updated_at": "2024-10-31T10:30:00Z", "vehicle": null}},
    {"model": "orders.orderitem", "pk": 40, "fields": {"order": 18, "product": 10, "quantity": 5, "price": 15000}},
    {"model": "orders.orderitem", "pk": 41, "fields": {"order": 18, "product": 15, "quantity": 3, "price": 3000}},
    {"model": "orders.orderitem", "pk": 42, "fields": {"order": 18, "product": 20, "quantity": 2, "price": 12000}},

    {"model": "orders.order", "pk": 19, "fields": {"user": 10, "status": "Entregado", "total_price": 14500, "created_at": "2024-10-30T11:00:00Z", "updated_at": "2024-10-30T11:15:00Z", "vehicle": 2}},
    {"model": "orders.orderitem", "pk": 43, "fields": {"order": 19, "product": 8, "quantity": 2, "price": 3600}},
    {"model": "orders.orderitem", "pk": 44, "fields": {"order": 19, "product": 17, "quantity": 3, "price": 9000}},
    {"model": "orders.orderitem", "pk": 45, "fields": {"order": 19, "product": 6, "quantity": 1, "price": 900}},

    {"model": "orders.order", "pk": 20, "fields": {"user": 11, "status": "Cancelado", "total_price": 18000, "created_at": "2024-10-29T12:00:00Z", "updated_at": "2024-10-29T12:20:00Z", "vehicle": null}},
    {"model": "orders.orderitem", "pk": 46, "fields": {"order": 20, "product": 1, "quantity": 4, "price": 3200}},
    {"model": "orders.orderitem", "pk": 47, "fields": {"order": 20, "product": 7, "quantity": 5, "price": 4000}},
    {"model": "orders.orderitem", "pk": 48, "fields": {"order": 20, "product": 16, "quantity": 3, "price": 10800}},

    {"model": "orders.order", "pk": 21, "fields": {"user": 12, "status": "Pendiente", "total_price": 11000, "created_at": "2024-10-28T13:00:00Z", "updated_at": "2024-10-28T13:30:00Z", "vehicle": null}},
    {"model": "orders.orderitem", "pk": 49, "fields": {"order": 21, "product": 13, "quantity": 4, "price": 8000}},
    {"model": "orders.orderitem", "pk": 50, "fields": {"order": 21, "product": 19, "quantity": 2, "price": 3000}},

    {"model": "orders.order", "pk": 22, "fields": {"user": 3, "status": "Pendiente", "total_price": 13500, "created_at": "2024-10-27T10:00:00Z", "updated_at": "2024-10-27T10:20:00Z", "vehicle": null}},
    {"model": "orders.orderitem", "pk": 51, "fields": {"order": 22, "product": 1, "quantity": 3, "price": 2400}},
    {"model": "orders.orderitem", "pk": 52, "fields": {"order": 22, "product": 6, "quantity": 5, "price": 3500}},
    {"model": "orders.orderitem", "pk": 53, "fields": {"order": 22, "product": 20, "quantity": 2, "price": 7600}},

    {"model": "orders.order", "pk": 23, "fields": {"user": 4, "status": "Enviado", "total_price": 19000, "created_at": "2024-10-26T11:00:00Z", "updated_at": "2024-10-26T11:30:00Z", "vehicle": 3}},
    {"model": "orders.orderitem", "pk": 54, "fields": {"order": 23, "product": 2, "quantity": 4, "price": 3600}},
    {"model": "orders.orderitem", "pk": 55, "fields": {"order": 23, "product": 10, "quantity": 3, "price": 9000}},
    {"model": "orders.orderitem", "pk": 56, "fields": {"order": 23, "product": 12, "quantity": 2, "price": 6400}},

    {"model": "orders.order", "pk": 24, "fields": {"user": 5, "status": "Entregado", "total_price": 15500, "created_at": "2024-10-25T12:00:00Z", "updated_at": "2024-10-25T12:20:00Z", "vehicle": 1}},
    {"model": "orders.orderitem", "pk": 57, "fields": {"order": 24, "product": 7, "quantity": 6, "price": 4800}},
    {"model": "orders.orderitem", "pk": 58, "fields": {"order": 24, "product": 13, "quantity": 3, "price": 6000}},
    {"model": "orders.orderitem", "pk": 59, "fields": {"order": 24, "product": 19, "quantity": 2, "price": 4700}},

    {"model": "orders.order", "pk": 25, "fields": {"user": 6, "status": "Pendiente", "total_price": 29000, "created_at": "2024-10-24T13:00:00Z", "updated_at": "2024-10-24T13:30:00Z", "vehicle": null}},
    {"model": "orders.orderitem", "pk": 60, "fields": {"order": 25, "product": 3, "quantity": 10, "price": 15000}},
    {"model": "orders.orderitem", "pk": 61, "fields": {"order": 25, "product": 16, "quantity": 5, "price": 10000}},
    {"model": "orders.orderitem", "pk": 62, "fields": {"order": 25, "product": 11, "quantity": 3, "price": 4000}},

    {"model": "orders.order", "pk": 26, "fields": {"user": 7, "status": "Enviado", "total_price": 9500, "created_at": "2024-10-23T14:00:00Z", "updated_at": "2024-10-23T14:15:00Z", "vehicle": 3}},
    {"model": "orders.orderitem", "pk": 63, "fields": {"order": 26, "product": 4, "quantity": 4, "price": 4000}},
    {"model": "orders.orderitem", "pk": 64, "fields": {"order": 26, "product": 14, "quantity": 3, "price": 5500}},

    {"model": "orders.order", "pk": 27, "fields": {"user": 8, "status": "Entregado", "total_price": 18000, "created_at": "2024-10-22T15:00:00Z", "updated_at": "2024-10-22T15:30:00Z", "vehicle": 1}},
    {"model": "orders.orderitem", "pk": 65, "fields": {"order": 27, "product": 6, "quantity": 6, "price": 4800}},
    {"model": "orders.orderitem", "pk": 66, "fields": {"order": 27, "product": 9, "quantity": 5, "price": 8000}},
    {"model": "orders.orderitem", "pk": 67, "fields": {"order": 27, "product": 18, "quantity": 2, "price": 5200}},

    {"model": "orders.order", "pk": 28, "fields": {"user": 9, "status": "Pendiente", "total_price": 30000, "created_at": "2024-10-21T16:00:00Z", "updated_at": "2024-10-21T16:30:00Z", "vehicle": null}},
    {"model": "orders.orderitem", "pk": 68, "fields": {"order": 28, "product": 12, "quantity": 6, "price": 15000}},
    {"model": "orders.orderitem", "pk": 69, "fields": {"order": 28, "product": 15, "quantity": 8, "price": 12000}},
    {"model": "orders.orderitem", "pk": 70, "fields": {"order": 28, "product": 8, "quantity": 3, "price": 3000}},

    {"model": "orders.order", "pk": 29, "fields": {"user": 10, "status": "Entregado", "total_price": 12500, "created_at": "2024-10-20T17:00:00Z", "updated_at": "2024-10-20T17:20:00Z", "vehicle": 1}},
    {"model": "orders.orderitem", "pk": 71, "fields": {"order": 29, "product": 5, "quantity": 2, "price": 2000}},
    {"model": "orders.orderitem", "pk": 72, "fields": {"order": 29, "product": 7, "quantity": 5, "price": 8000}},
    {"model": "orders.orderitem", "pk": 73, "fields": {"order": 29, "product": 20, "quantity": 2, "price": 2500}},

    {"model": "orders.order", "pk": 30, "fields": {"user": 11, "status": "Entregado", "total_price": 14000, "created_at": "2024-10-19T18:00:00Z", "updated_at": "2024-10-19T18:30:00Z", "vehicle": 2}},
    {"model": "orders.orderitem", "pk": 74, "fields": {"order": 30, "product": 14, "quantity": 5, "price": 9000}},
    {"model": "orders.orderitem", "pk": 75, "fields": {"order": 30, "product": 10, "quantity": 4, "price": 5000}},      
        
    
    

    
    
    {"model": "orders.vehicle", "pk": 1, "fields": {"license_plate": "ABC123", "vehicle_type": "Camioneta", "model": "Ford F-150", "driver": 1}},
    {"model": "orders.vehicle", "pk": 2, "fields": {"license_plate": "DEF456", "vehicle_type": "Moto", "model": "Honda CG125", "driver": 2}},
    {"model": "orders.vehicle", "pk": 3, "fields": {"license_plate": "GHI789", "vehicle_type": "Bicicleta", "model": null, "driver": 3}},
    
    {"model": "orders.driver", "pk": 1, "fields": {"user": 7, "phone_number": "123456789", "license_number": "DRV001"}},
    {"model": "orders.driver", "pk": 2, "fields": {"user": 8, "phone_number": "987654321", "license_number": "DRV002"}},
    {"model": "orders.driver", "pk": 3, "fields": {"user": 9, "phone_number": "555555555", "license_number": "DRV003"}}
]
